"name","name"
Ирина Харитоновна Муравьева,Rum Runner
Ирина Харитоновна Муравьева,Slice of Rome
Ирина Харитоновна Муравьева,Caffeine Castle
Ирина Харитоновна Муравьева,Mixology Mastery
Ирина Харитоновна Муравьева,Sicilian Secret
Ирина Харитоновна Муравьева,Brewed Awakening
Ирина Харитоновна Муравьева,Gourmet Garlic
Ирина Харитоновна Муравьева,Bistro Bliss
Ирина Харитоновна Муравьева,Кофейный Космос
Ирина Харитоновна Муравьева,Grill & Grains
Ирина Харитоновна Муравьева,Mocha Magic
Ирина Харитоновна Муравьева,Булочная Бонжур
Ирина Харитоновна Муравьева,Пивной Парад
Ирина Харитоновна Муравьева,Espresso Emporium
Ирина Харитоновна Муравьева,Hops Heaven
Ирина Харитоновна Муравьева,Бокалы Богатства
Ирина Харитоновна Муравьева,Шоты Шерифа
Ирина Харитоновна Муравьева,Вино и Вода
Ирина Харитоновна Муравьева,Cupcake Castle
Ирина Харитоновна Муравьева,Liquor Library
Ирина Харитоновна Муравьева,Королевство Кальцоне
Ирина Харитоновна Муравьева,Сладкий Сюрприз
Ирина Харитоновна Муравьева,Кофе Коннект
Ирина Харитоновна Муравьева,Тосканский Трактир
Ирина Харитоновна Муравьева,Коктейль Королей
Ирина Харитоновна Муравьева,Бариста Битва
Ирина Харитоновна Муравьева,Веселье в Виски
Ирина Харитоновна Муравьева,Терраса Тортов
Ирина Харитоновна Муравьева,Napoli Nights
Ирина Харитоновна Муравьева,Рай Ристретто
Ирина Харитоновна Муравьева,Mozzarella Majesty
Ирина Харитоновна Муравьева,Кафе Карамель
Ирина Харитоновна Муравьева,Cuisine Corner
Ирина Харитоновна Муравьева,Provolone Palace
Ирина Харитоновна Муравьева,Таверна Талантов
Ирина Харитоновна Муравьева,Магия Макиато
Ирина Харитоновна Муравьева,Soup & Salad
Ирина Харитоновна Муравьева,Craft & Draft
Ирина Харитоновна Муравьева,Морозко Мороженое
Ирина Харитоновна Муравьева,Барман Бей
Ирина Харитоновна Муравьева,Spirits & Spices
Ирина Харитоновна Муравьева,Пиццерия Капри
Ирина Харитоновна Муравьева,Вкус Венеции
Ирина Харитоновна Муравьева,Dough & Cheese
Ирина Харитоновна Муравьева,Roast & Toast
Ирина Харитоновна Муравьева,Пицца Парадизо
Ирина Харитоновна Муравьева,Deli Delight
Ирина Харитоновна Муравьева,Malt Mansion
Ирина Харитоновна Муравьева,Dessert Dream
Ирина Харитоновна Муравьева,Кафе Каприс
Ирина Харитоновна Муравьева,Гурман Горизонт
Ирина Харитоновна Муравьева,Бар Барон
Ирина Харитоновна Муравьева,Cafe Comfort
Ирина Харитоновна Муравьева,Choco Charm
Ирина Харитоновна Муравьева,Pepperoni Passion
Ирина Харитоновна Муравьева,Взлет Вкусов
Ирина Харитоновна Муравьева,Cup o' Joe
Ирина Харитоновна Муравьева,Латте Люкс
Ирина Харитоновна Муравьева,Pizza Picasso
Ирина Харитоновна Муравьева,Звезда Неаполя
Ирина Харитоновна Муравьева,Gin & Juice
Ирина Харитоновна Муравьева,Ванильная Визия
Ирина Харитоновна Муравьева,Пицца Приключение
Ирина Харитоновна Муравьева,Салют Сицилии
Ирина Харитоновна Муравьева,Tequila Town
Ирина Харитоновна Муравьева,Бар Блюз
Ирина Харитоновна Муравьева,Место Маргариты
Ирина Харитоновна Муравьева,Grounds for Celebration
Ирина Харитоновна Муравьева,Boozy Boulevard
Ирина Харитоновна Муравьева,Базилик и Орегано
Ирина Харитоновна Муравьева,Капучино Клуб
Ирина Харитоновна Муравьева,Мир Макарон
Ирина Харитоновна Муравьева,Brick Oven Bliss
Ирина Харитоновна Муравьева,Бодрый Бариста
Ирина Харитоновна Муравьева,Bean Bliss
Ирина Харитоновна Муравьева,Baking Beauty
Ирина Харитоновна Муравьева,Pasta Palace
Ирина Харитоновна Муравьева,Оазис Эспрессо
Ирина Харитоновна Муравьева,Таверна Тостов
Ирина Харитоновна Муравьева,Coffee Carnival
Всеслав Дорофеевич Горбунов,Rum Runner
Всеслав Дорофеевич Горбунов,Slice of Rome
Всеслав Дорофеевич Горбунов,Caffeine Castle
Всеслав Дорофеевич Горбунов,Mixology Mastery
Всеслав Дорофеевич Горбунов,Sicilian Secret
Всеслав Дорофеевич Горбунов,Brewed Awakening
Всеслав Дорофеевич Горбунов,Gourmet Garlic
Всеслав Дорофеевич Горбунов,Bistro Bliss
Всеслав Дорофеевич Горбунов,Кофейный Космос
Всеслав Дорофеевич Горбунов,Grill & Grains
Всеслав Дорофеевич Горбунов,Mocha Magic
Всеслав Дорофеевич Горбунов,Булочная Бонжур
Всеслав Дорофеевич Горбунов,Пивной Парад
Всеслав Дорофеевич Горбунов,Espresso Emporium
Всеслав Дорофеевич Горбунов,Hops Heaven
Всеслав Дорофеевич Горбунов,Бокалы Богатства
Всеслав Дорофеевич Горбунов,Шоты Шерифа
Всеслав Дорофеевич Горбунов,Вино и Вода
Всеслав Дорофеевич Горбунов,Cupcake Castle
Всеслав Дорофеевич Горбунов,Liquor Library
Всеслав Дорофеевич Горбунов,Королевство Кальцоне
Всеслав Дорофеевич Горбунов,Сладкий Сюрприз
Всеслав Дорофеевич Горбунов,Кофе Коннект
Всеслав Дорофеевич Горбунов,Тосканский Трактир
Всеслав Дорофеевич Горбунов,Коктейль Королей
Всеслав Дорофеевич Горбунов,Бариста Битва
Всеслав Дорофеевич Горбунов,Веселье в Виски
Всеслав Дорофеевич Горбунов,Терраса Тортов
Всеслав Дорофеевич Горбунов,Napoli Nights
Всеслав Дорофеевич Горбунов,Рай Ристретто
Всеслав Дорофеевич Горбунов,Mozzarella Majesty
Всеслав Дорофеевич Горбунов,Кафе Карамель
Всеслав Дорофеевич Горбунов,Cuisine Corner
Всеслав Дорофеевич Горбунов,Provolone Palace
Всеслав Дорофеевич Горбунов,Таверна Талантов
Всеслав Дорофеевич Горбунов,Магия Макиато
Всеслав Дорофеевич Горбунов,Soup & Salad
Всеслав Дорофеевич Горбунов,Craft & Draft
Всеслав Дорофеевич Горбунов,Морозко Мороженое
Всеслав Дорофеевич Горбунов,Барман Бей
Всеслав Дорофеевич Горбунов,Spirits & Spices
Всеслав Дорофеевич Горбунов,Пиццерия Капри
Всеслав Дорофеевич Горбунов,Вкус Венеции
Всеслав Дорофеевич Горбунов,Dough & Cheese
Всеслав Дорофеевич Горбунов,Roast & Toast
Всеслав Дорофеевич Горбунов,Пицца Парадизо
Всеслав Дорофеевич Горбунов,Deli Delight
Всеслав Дорофеевич Горбунов,Malt Mansion
Всеслав Дорофеевич Горбунов,Dessert Dream
Всеслав Дорофеевич Горбунов,Кафе Каприс
Всеслав Дорофеевич Горбунов,Гурман Горизонт
Всеслав Дорофеевич Горбунов,Бар Барон
Всеслав Дорофеевич Горбунов,Cafe Comfort
Всеслав Дорофеевич Горбунов,Choco Charm
Всеслав Дорофеевич Горбунов,Pepperoni Passion
Всеслав Дорофеевич Горбунов,Взлет Вкусов
Всеслав Дорофеевич Горбунов,Cup o' Joe
Всеслав Дорофеевич Горбунов,Латте Люкс
Всеслав Дорофеевич Горбунов,Pizza Picasso
Всеслав Дорофеевич Горбунов,Звезда Неаполя
Всеслав Дорофеевич Горбунов,Gin & Juice
Всеслав Дорофеевич Горбунов,Ванильная Визия
Всеслав Дорофеевич Горбунов,Пицца Приключение
Всеслав Дорофеевич Горбунов,Салют Сицилии
Всеслав Дорофеевич Горбунов,Tequila Town
Всеслав Дорофеевич Горбунов,Бар Блюз
Всеслав Дорофеевич Горбунов,Место Маргариты
Всеслав Дорофеевич Горбунов,Grounds for Celebration
Всеслав Дорофеевич Горбунов,Boozy Boulevard
Всеслав Дорофеевич Горбунов,Базилик и Орегано
Всеслав Дорофеевич Горбунов,Капучино Клуб
Всеслав Дорофеевич Горбунов,Мир Макарон
Всеслав Дорофеевич Горбунов,Brick Oven Bliss
Всеслав Дорофеевич Горбунов,Бодрый Бариста
Всеслав Дорофеевич Горбунов,Bean Bliss
Всеслав Дорофеевич Горбунов,Baking Beauty
Всеслав Дорофеевич Горбунов,Pasta Palace
Всеслав Дорофеевич Горбунов,Оазис Эспрессо
Всеслав Дорофеевич Горбунов,Таверна Тостов
Всеслав Дорофеевич Горбунов,Coffee Carnival
Алексей Филиппович Владимиров,Rum Runner
Алексей Филиппович Владимиров,Slice of Rome
Алексей Филиппович Владимиров,Caffeine Castle
Алексей Филиппович Владимиров,Mixology Mastery
Алексей Филиппович Владимиров,Sicilian Secret
Алексей Филиппович Владимиров,Brewed Awakening
Алексей Филиппович Владимиров,Gourmet Garlic
Алексей Филиппович Владимиров,Bistro Bliss
Алексей Филиппович Владимиров,Кофейный Космос
Алексей Филиппович Владимиров,Grill & Grains
Алексей Филиппович Владимиров,Mocha Magic
Алексей Филиппович Владимиров,Булочная Бонжур
Алексей Филиппович Владимиров,Пивной Парад
Алексей Филиппович Владимиров,Espresso Emporium
Алексей Филиппович Владимиров,Hops Heaven
Алексей Филиппович Владимиров,Бокалы Богатства
Алексей Филиппович Владимиров,Шоты Шерифа
Алексей Филиппович Владимиров,Вино и Вода
Алексей Филиппович Владимиров,Cupcake Castle
Алексей Филиппович Владимиров,Liquor Library
Алексей Филиппович Владимиров,Королевство Кальцоне
Алексей Филиппович Владимиров,Сладкий Сюрприз
Алексей Филиппович Владимиров,Кофе Коннект
Алексей Филиппович Владимиров,Тосканский Трактир
Алексей Филиппович Владимиров,Коктейль Королей
Алексей Филиппович Владимиров,Бариста Битва
Алексей Филиппович Владимиров,Веселье в Виски
Алексей Филиппович Владимиров,Терраса Тортов
Алексей Филиппович Владимиров,Napoli Nights
Алексей Филиппович Владимиров,Рай Ристретто
Алексей Филиппович Владимиров,Mozzarella Majesty
Алексей Филиппович Владимиров,Кафе Карамель
Алексей Филиппович Владимиров,Cuisine Corner
Алексей Филиппович Владимиров,Provolone Palace
Алексей Филиппович Владимиров,Таверна Талантов
Алексей Филиппович Владимиров,Магия Макиато
Алексей Филиппович Владимиров,Soup & Salad
Алексей Филиппович Владимиров,Craft & Draft
Алексей Филиппович Владимиров,Морозко Мороженое
Алексей Филиппович Владимиров,Барман Бей
Алексей Филиппович Владимиров,Spirits & Spices
Алексей Филиппович Владимиров,Пиццерия Капри
Алексей Филиппович Владимиров,Вкус Венеции
Алексей Филиппович Владимиров,Dough & Cheese
Алексей Филиппович Владимиров,Roast & Toast
Алексей Филиппович Владимиров,Пицца Парадизо
Алексей Филиппович Владимиров,Deli Delight
Алексей Филиппович Владимиров,Malt Mansion
Алексей Филиппович Владимиров,Dessert Dream
Алексей Филиппович Владимиров,Кафе Каприс
Алексей Филиппович Владимиров,Гурман Горизонт
Алексей Филиппович Владимиров,Бар Барон
Алексей Филиппович Владимиров,Cafe Comfort
Алексей Филиппович Владимиров,Choco Charm
Алексей Филиппович Владимиров,Pepperoni Passion
Алексей Филиппович Владимиров,Взлет Вкусов
Алексей Филиппович Владимиров,Cup o' Joe
Алексей Филиппович Владимиров,Латте Люкс
Алексей Филиппович Владимиров,Pizza Picasso
Алексей Филиппович Владимиров,Звезда Неаполя
Алексей Филиппович Владимиров,Gin & Juice
Алексей Филиппович Владимиров,Ванильная Визия
Алексей Филиппович Владимиров,Пицца Приключение
Алексей Филиппович Владимиров,Салют Сицилии
Алексей Филиппович Владимиров,Tequila Town
Алексей Филиппович Владимиров,Бар Блюз
Алексей Филиппович Владимиров,Место Маргариты
Алексей Филиппович Владимиров,Grounds for Celebration
Алексей Филиппович Владимиров,Boozy Boulevard
Алексей Филиппович Владимиров,Базилик и Орегано
Алексей Филиппович Владимиров,Капучино Клуб
Алексей Филиппович Владимиров,Мир Макарон
Алексей Филиппович Владимиров,Brick Oven Bliss
Алексей Филиппович Владимиров,Бодрый Бариста
Алексей Филиппович Владимиров,Bean Bliss
Алексей Филиппович Владимиров,Baking Beauty
Алексей Филиппович Владимиров,Pasta Palace
Алексей Филиппович Владимиров,Оазис Эспрессо
Алексей Филиппович Владимиров,Таверна Тостов
Алексей Филиппович Владимиров,Coffee Carnival
Корнилова Зоя Захаровна,Rum Runner
Корнилова Зоя Захаровна,Slice of Rome
Корнилова Зоя Захаровна,Caffeine Castle
Корнилова Зоя Захаровна,Mixology Mastery
Корнилова Зоя Захаровна,Sicilian Secret
Корнилова Зоя Захаровна,Brewed Awakening
Корнилова Зоя Захаровна,Gourmet Garlic
Корнилова Зоя Захаровна,Bistro Bliss
Корнилова Зоя Захаровна,Кофейный Космос
Корнилова Зоя Захаровна,Grill & Grains
Корнилова Зоя Захаровна,Mocha Magic
Корнилова Зоя Захаровна,Булочная Бонжур
Корнилова Зоя Захаровна,Пивной Парад
Корнилова Зоя Захаровна,Espresso Emporium
Корнилова Зоя Захаровна,Hops Heaven
Корнилова Зоя Захаровна,Бокалы Богатства
Корнилова Зоя Захаровна,Шоты Шерифа
Корнилова Зоя Захаровна,Вино и Вода
Корнилова Зоя Захаровна,Cupcake Castle
Корнилова Зоя Захаровна,Liquor Library
Корнилова Зоя Захаровна,Королевство Кальцоне
Корнилова Зоя Захаровна,Сладкий Сюрприз
Корнилова Зоя Захаровна,Кофе Коннект
Корнилова Зоя Захаровна,Тосканский Трактир
Корнилова Зоя Захаровна,Коктейль Королей
Корнилова Зоя Захаровна,Бариста Битва
Корнилова Зоя Захаровна,Веселье в Виски
Корнилова Зоя Захаровна,Терраса Тортов
Корнилова Зоя Захаровна,Napoli Nights
Корнилова Зоя Захаровна,Рай Ристретто
Корнилова Зоя Захаровна,Mozzarella Majesty
Корнилова Зоя Захаровна,Кафе Карамель
Корнилова Зоя Захаровна,Cuisine Corner
Корнилова Зоя Захаровна,Provolone Palace
Корнилова Зоя Захаровна,Таверна Талантов
Корнилова Зоя Захаровна,Магия Макиато
Корнилова Зоя Захаровна,Soup & Salad
Корнилова Зоя Захаровна,Craft & Draft
Корнилова Зоя Захаровна,Морозко Мороженое
Корнилова Зоя Захаровна,Барман Бей
Корнилова Зоя Захаровна,Spirits & Spices
Корнилова Зоя Захаровна,Пиццерия Капри
Корнилова Зоя Захаровна,Вкус Венеции
Корнилова Зоя Захаровна,Dough & Cheese
Корнилова Зоя Захаровна,Roast & Toast
Корнилова Зоя Захаровна,Пицца Парадизо
Корнилова Зоя Захаровна,Deli Delight
Корнилова Зоя Захаровна,Malt Mansion
Корнилова Зоя Захаровна,Dessert Dream
Корнилова Зоя Захаровна,Кафе Каприс
Корнилова Зоя Захаровна,Гурман Горизонт
Корнилова Зоя Захаровна,Бар Барон
Корнилова Зоя Захаровна,Cafe Comfort
Корнилова Зоя Захаровна,Choco Charm
Корнилова Зоя Захаровна,Pepperoni Passion
Корнилова Зоя Захаровна,Взлет Вкусов
Корнилова Зоя Захаровна,Cup o' Joe
Корнилова Зоя Захаровна,Латте Люкс
Корнилова Зоя Захаровна,Pizza Picasso
Корнилова Зоя Захаровна,Звезда Неаполя
Корнилова Зоя Захаровна,Gin & Juice
Корнилова Зоя Захаровна,Ванильная Визия
Корнилова Зоя Захаровна,Пицца Приключение
Корнилова Зоя Захаровна,Салют Сицилии
Корнилова Зоя Захаровна,Tequila Town
Корнилова Зоя Захаровна,Бар Блюз
Корнилова Зоя Захаровна,Место Маргариты
Корнилова Зоя Захаровна,Grounds for Celebration
Корнилова Зоя Захаровна,Boozy Boulevard
Корнилова Зоя Захаровна,Базилик и Орегано
Корнилова Зоя Захаровна,Капучино Клуб
Корнилова Зоя Захаровна,Мир Макарон
Корнилова Зоя Захаровна,Brick Oven Bliss
Корнилова Зоя Захаровна,Бодрый Бариста
Корнилова Зоя Захаровна,Bean Bliss
Корнилова Зоя Захаровна,Baking Beauty
Корнилова Зоя Захаровна,Pasta Palace
Корнилова Зоя Захаровна,Оазис Эспрессо
Корнилова Зоя Захаровна,Таверна Тостов
Корнилова Зоя Захаровна,Coffee Carnival
Ситникова Полина Станиславовна,Rum Runner
Ситникова Полина Станиславовна,Slice of Rome
Ситникова Полина Станиславовна,Caffeine Castle
Ситникова Полина Станиславовна,Mixology Mastery
Ситникова Полина Станиславовна,Sicilian Secret
Ситникова Полина Станиславовна,Brewed Awakening
Ситникова Полина Станиславовна,Gourmet Garlic
Ситникова Полина Станиславовна,Bistro Bliss
Ситникова Полина Станиславовна,Кофейный Космос
Ситникова Полина Станиславовна,Grill & Grains
Ситникова Полина Станиславовна,Mocha Magic
Ситникова Полина Станиславовна,Булочная Бонжур
Ситникова Полина Станиславовна,Пивной Парад
Ситникова Полина Станиславовна,Espresso Emporium
Ситникова Полина Станиславовна,Hops Heaven
Ситникова Полина Станиславовна,Бокалы Богатства
Ситникова Полина Станиславовна,Шоты Шерифа
Ситникова Полина Станиславовна,Вино и Вода
Ситникова Полина Станиславовна,Cupcake Castle
Ситникова Полина Станиславовна,Liquor Library
Ситникова Полина Станиславовна,Королевство Кальцоне
Ситникова Полина Станиславовна,Сладкий Сюрприз
Ситникова Полина Станиславовна,Кофе Коннект
Ситникова Полина Станиславовна,Тосканский Трактир
Ситникова Полина Станиславовна,Коктейль Королей
Ситникова Полина Станиславовна,Бариста Битва
Ситникова Полина Станиславовна,Веселье в Виски
Ситникова Полина Станиславовна,Терраса Тортов
Ситникова Полина Станиславовна,Napoli Nights
Ситникова Полина Станиславовна,Рай Ристретто
Ситникова Полина Станиславовна,Mozzarella Majesty
Ситникова Полина Станиславовна,Кафе Карамель
Ситникова Полина Станиславовна,Cuisine Corner
Ситникова Полина Станиславовна,Provolone Palace
Ситникова Полина Станиславовна,Таверна Талантов
Ситникова Полина Станиславовна,Магия Макиато
Ситникова Полина Станиславовна,Soup & Salad
Ситникова Полина Станиславовна,Craft & Draft
Ситникова Полина Станиславовна,Морозко Мороженое
Ситникова Полина Станиславовна,Барман Бей
Ситникова Полина Станиславовна,Spirits & Spices
Ситникова Полина Станиславовна,Пиццерия Капри
Ситникова Полина Станиславовна,Вкус Венеции
Ситникова Полина Станиславовна,Dough & Cheese
Ситникова Полина Станиславовна,Roast & Toast
Ситникова Полина Станиславовна,Пицца Парадизо
Ситникова Полина Станиславовна,Deli Delight
Ситникова Полина Станиславовна,Malt Mansion
Ситникова Полина Станиславовна,Dessert Dream
Ситникова Полина Станиславовна,Кафе Каприс
Ситникова Полина Станиславовна,Гурман Горизонт
Ситникова Полина Станиславовна,Бар Барон
Ситникова Полина Станиславовна,Cafe Comfort
Ситникова Полина Станиславовна,Choco Charm
Ситникова Полина Станиславовна,Pepperoni Passion
Ситникова Полина Станиславовна,Взлет Вкусов
Ситникова Полина Станиславовна,Cup o' Joe
Ситникова Полина Станиславовна,Латте Люкс
Ситникова Полина Станиславовна,Pizza Picasso
Ситникова Полина Станиславовна,Звезда Неаполя
Ситникова Полина Станиславовна,Gin & Juice
Ситникова Полина Станиславовна,Ванильная Визия
Ситникова Полина Станиславовна,Пицца Приключение
Ситникова Полина Станиславовна,Салют Сицилии
Ситникова Полина Станиславовна,Tequila Town
Ситникова Полина Станиславовна,Бар Блюз
Ситникова Полина Станиславовна,Место Маргариты
Ситникова Полина Станиславовна,Grounds for Celebration
Ситникова Полина Станиславовна,Boozy Boulevard
Ситникова Полина Станиславовна,Базилик и Орегано
Ситникова Полина Станиславовна,Капучино Клуб
Ситникова Полина Станиславовна,Мир Макарон
Ситникова Полина Станиславовна,Brick Oven Bliss
Ситникова Полина Станиславовна,Бодрый Бариста
Ситникова Полина Станиславовна,Bean Bliss
Ситникова Полина Станиславовна,Baking Beauty
Ситникова Полина Станиславовна,Pasta Palace
Ситникова Полина Станиславовна,Оазис Эспрессо
Ситникова Полина Станиславовна,Таверна Тостов
Ситникова Полина Станиславовна,Coffee Carnival
Василиса Эдуардовна Дементьева,Rum Runner
Василиса Эдуардовна Дементьева,Slice of Rome
Василиса Эдуардовна Дементьева,Caffeine Castle
Василиса Эдуардовна Дементьева,Mixology Mastery
Василиса Эдуардовна Дементьева,Sicilian Secret
Василиса Эдуардовна Дементьева,Brewed Awakening
Василиса Эдуардовна Дементьева,Gourmet Garlic
Василиса Эдуардовна Дементьева,Bistro Bliss
Василиса Эдуардовна Дементьева,Кофейный Космос
Василиса Эдуардовна Дементьева,Grill & Grains
Василиса Эдуардовна Дементьева,Mocha Magic
Василиса Эдуардовна Дементьева,Булочная Бонжур
Василиса Эдуардовна Дементьева,Пивной Парад
Василиса Эдуардовна Дементьева,Espresso Emporium
Василиса Эдуардовна Дементьева,Hops Heaven
Василиса Эдуардовна Дементьева,Бокалы Богатства
Василиса Эдуардовна Дементьева,Шоты Шерифа
Василиса Эдуардовна Дементьева,Вино и Вода
Василиса Эдуардовна Дементьева,Cupcake Castle
Василиса Эдуардовна Дементьева,Liquor Library
Василиса Эдуардовна Дементьева,Королевство Кальцоне
Василиса Эдуардовна Дементьева,Сладкий Сюрприз
Василиса Эдуардовна Дементьева,Кофе Коннект
Василиса Эдуардовна Дементьева,Тосканский Трактир
Василиса Эдуардовна Дементьева,Коктейль Королей
Василиса Эдуардовна Дементьева,Бариста Битва
Василиса Эдуардовна Дементьева,Веселье в Виски
Василиса Эдуардовна Дементьева,Терраса Тортов
Василиса Эдуардовна Дементьева,Napoli Nights
Василиса Эдуардовна Дементьева,Рай Ристретто
Василиса Эдуардовна Дементьева,Mozzarella Majesty
Василиса Эдуардовна Дементьева,Кафе Карамель
Василиса Эдуардовна Дементьева,Cuisine Corner
Василиса Эдуардовна Дементьева,Provolone Palace
Василиса Эдуардовна Дементьева,Таверна Талантов
Василиса Эдуардовна Дементьева,Магия Макиато
Василиса Эдуардовна Дементьева,Soup & Salad
Василиса Эдуардовна Дементьева,Craft & Draft
Василиса Эдуардовна Дементьева,Морозко Мороженое
Василиса Эдуардовна Дементьева,Барман Бей
Василиса Эдуардовна Дементьева,Spirits & Spices
Василиса Эдуардовна Дементьева,Пиццерия Капри
Василиса Эдуардовна Дементьева,Вкус Венеции
Василиса Эдуардовна Дементьева,Dough & Cheese
Василиса Эдуардовна Дементьева,Roast & Toast
Василиса Эдуардовна Дементьева,Пицца Парадизо
Василиса Эдуардовна Дементьева,Deli Delight
Василиса Эдуардовна Дементьева,Malt Mansion
Василиса Эдуардовна Дементьева,Dessert Dream
Василиса Эдуардовна Дементьева,Кафе Каприс
Василиса Эдуардовна Дементьева,Гурман Горизонт
Василиса Эдуардовна Дементьева,Бар Барон
Василиса Эдуардовна Дементьева,Cafe Comfort
Василиса Эдуардовна Дементьева,Choco Charm
Василиса Эдуардовна Дементьева,Pepperoni Passion
Василиса Эдуардовна Дементьева,Взлет Вкусов
Василиса Эдуардовна Дементьева,Cup o' Joe
Василиса Эдуардовна Дементьева,Латте Люкс
Василиса Эдуардовна Дементьева,Pizza Picasso
Василиса Эдуардовна Дементьева,Звезда Неаполя
Василиса Эдуардовна Дементьева,Gin & Juice
Василиса Эдуардовна Дементьева,Ванильная Визия
Василиса Эдуардовна Дементьева,Пицца Приключение
Василиса Эдуардовна Дементьева,Салют Сицилии
Василиса Эдуардовна Дементьева,Tequila Town
Василиса Эдуардовна Дементьева,Бар Блюз
Василиса Эдуардовна Дементьева,Место Маргариты
Василиса Эдуардовна Дементьева,Grounds for Celebration
Василиса Эдуардовна Дементьева,Boozy Boulevard
Василиса Эдуардовна Дементьева,Базилик и Орегано
Василиса Эдуардовна Дементьева,Капучино Клуб
Василиса Эдуардовна Дементьева,Мир Макарон
Василиса Эдуардовна Дементьева,Brick Oven Bliss
Василиса Эдуардовна Дементьева,Бодрый Бариста
Василиса Эдуардовна Дементьева,Bean Bliss
Василиса Эдуардовна Дементьева,Baking Beauty
Василиса Эдуардовна Дементьева,Pasta Palace
Василиса Эдуардовна Дементьева,Оазис Эспрессо
Василиса Эдуардовна Дементьева,Таверна Тостов
Василиса Эдуардовна Дементьева,Coffee Carnival
Гуляева София Ефимовна,Rum Runner
Гуляева София Ефимовна,Slice of Rome
Гуляева София Ефимовна,Caffeine Castle
Гуляева София Ефимовна,Mixology Mastery
Гуляева София Ефимовна,Sicilian Secret
Гуляева София Ефимовна,Brewed Awakening
Гуляева София Ефимовна,Gourmet Garlic
Гуляева София Ефимовна,Bistro Bliss
Гуляева София Ефимовна,Кофейный Космос
Гуляева София Ефимовна,Grill & Grains
Гуляева София Ефимовна,Mocha Magic
Гуляева София Ефимовна,Булочная Бонжур
Гуляева София Ефимовна,Пивной Парад
Гуляева София Ефимовна,Espresso Emporium
Гуляева София Ефимовна,Hops Heaven
Гуляева София Ефимовна,Бокалы Богатства
Гуляева София Ефимовна,Шоты Шерифа
Гуляева София Ефимовна,Вино и Вода
Гуляева София Ефимовна,Cupcake Castle
Гуляева София Ефимовна,Liquor Library
Гуляева София Ефимовна,Королевство Кальцоне
Гуляева София Ефимовна,Сладкий Сюрприз
Гуляева София Ефимовна,Кофе Коннект
Гуляева София Ефимовна,Тосканский Трактир
Гуляева София Ефимовна,Коктейль Королей
Гуляева София Ефимовна,Бариста Битва
Гуляева София Ефимовна,Веселье в Виски
Гуляева София Ефимовна,Терраса Тортов
Гуляева София Ефимовна,Napoli Nights
Гуляева София Ефимовна,Рай Ристретто
Гуляева София Ефимовна,Mozzarella Majesty
Гуляева София Ефимовна,Кафе Карамель
Гуляева София Ефимовна,Cuisine Corner
Гуляева София Ефимовна,Provolone Palace
Гуляева София Ефимовна,Таверна Талантов
Гуляева София Ефимовна,Магия Макиато
Гуляева София Ефимовна,Soup & Salad
Гуляева София Ефимовна,Craft & Draft
Гуляева София Ефимовна,Морозко Мороженое
Гуляева София Ефимовна,Барман Бей
Гуляева София Ефимовна,Spirits & Spices
Гуляева София Ефимовна,Пиццерия Капри
Гуляева София Ефимовна,Вкус Венеции
Гуляева София Ефимовна,Dough & Cheese
Гуляева София Ефимовна,Roast & Toast
Гуляева София Ефимовна,Пицца Парадизо
Гуляева София Ефимовна,Deli Delight
Гуляева София Ефимовна,Malt Mansion
Гуляева София Ефимовна,Dessert Dream
Гуляева София Ефимовна,Кафе Каприс
Гуляева София Ефимовна,Гурман Горизонт
Гуляева София Ефимовна,Бар Барон
Гуляева София Ефимовна,Cafe Comfort
Гуляева София Ефимовна,Choco Charm
Гуляева София Ефимовна,Pepperoni Passion
Гуляева София Ефимовна,Взлет Вкусов
Гуляева София Ефимовна,Cup o' Joe
Гуляева София Ефимовна,Латте Люкс
Гуляева София Ефимовна,Pizza Picasso
Гуляева София Ефимовна,Звезда Неаполя
Гуляева София Ефимовна,Gin & Juice
Гуляева София Ефимовна,Ванильная Визия
Гуляева София Ефимовна,Пицца Приключение
Гуляева София Ефимовна,Салют Сицилии
Гуляева София Ефимовна,Tequila Town
Гуляева София Ефимовна,Бар Блюз
Гуляева София Ефимовна,Место Маргариты
Гуляева София Ефимовна,Grounds for Celebration
Гуляева София Ефимовна,Boozy Boulevard
Гуляева София Ефимовна,Базилик и Орегано
Гуляева София Ефимовна,Капучино Клуб
Гуляева София Ефимовна,Мир Макарон
Гуляева София Ефимовна,Brick Oven Bliss
Гуляева София Ефимовна,Бодрый Бариста
Гуляева София Ефимовна,Bean Bliss
Гуляева София Ефимовна,Baking Beauty
Гуляева София Ефимовна,Pasta Palace
Гуляева София Ефимовна,Оазис Эспрессо
Гуляева София Ефимовна,Таверна Тостов
Гуляева София Ефимовна,Coffee Carnival
Клавдий Фомич Доронин,Rum Runner
Клавдий Фомич Доронин,Slice of Rome
Клавдий Фомич Доронин,Caffeine Castle
Клавдий Фомич Доронин,Mixology Mastery
Клавдий Фомич Доронин,Sicilian Secret
Клавдий Фомич Доронин,Brewed Awakening
Клавдий Фомич Доронин,Gourmet Garlic
Клавдий Фомич Доронин,Bistro Bliss
Клавдий Фомич Доронин,Кофейный Космос
Клавдий Фомич Доронин,Grill & Grains
Клавдий Фомич Доронин,Mocha Magic
Клавдий Фомич Доронин,Булочная Бонжур
Клавдий Фомич Доронин,Пивной Парад
Клавдий Фомич Доронин,Espresso Emporium
Клавдий Фомич Доронин,Hops Heaven
Клавдий Фомич Доронин,Бокалы Богатства
Клавдий Фомич Доронин,Шоты Шерифа
Клавдий Фомич Доронин,Вино и Вода
Клавдий Фомич Доронин,Cupcake Castle
Клавдий Фомич Доронин,Liquor Library
Клавдий Фомич Доронин,Королевство Кальцоне
Клавдий Фомич Доронин,Сладкий Сюрприз
Клавдий Фомич Доронин,Кофе Коннект
Клавдий Фомич Доронин,Тосканский Трактир
Клавдий Фомич Доронин,Коктейль Королей
Клавдий Фомич Доронин,Бариста Битва
Клавдий Фомич Доронин,Веселье в Виски
Клавдий Фомич Доронин,Терраса Тортов
Клавдий Фомич Доронин,Napoli Nights
Клавдий Фомич Доронин,Рай Ристретто
Клавдий Фомич Доронин,Mozzarella Majesty
Клавдий Фомич Доронин,Кафе Карамель
Клавдий Фомич Доронин,Cuisine Corner
Клавдий Фомич Доронин,Provolone Palace
Клавдий Фомич Доронин,Таверна Талантов
Клавдий Фомич Доронин,Магия Макиато
Клавдий Фомич Доронин,Soup & Salad
Клавдий Фомич Доронин,Craft & Draft
Клавдий Фомич Доронин,Морозко Мороженое
Клавдий Фомич Доронин,Барман Бей
Клавдий Фомич Доронин,Spirits & Spices
Клавдий Фомич Доронин,Пиццерия Капри
Клавдий Фомич Доронин,Вкус Венеции
Клавдий Фомич Доронин,Dough & Cheese
Клавдий Фомич Доронин,Roast & Toast
Клавдий Фомич Доронин,Пицца Парадизо
Клавдий Фомич Доронин,Deli Delight
Клавдий Фомич Доронин,Malt Mansion
Клавдий Фомич Доронин,Dessert Dream
Клавдий Фомич Доронин,Кафе Каприс
Клавдий Фомич Доронин,Гурман Горизонт
Клавдий Фомич Доронин,Бар Барон
Клавдий Фомич Доронин,Cafe Comfort
Клавдий Фомич Доронин,Choco Charm
Клавдий Фомич Доронин,Pepperoni Passion
Клавдий Фомич Доронин,Взлет Вкусов
Клавдий Фомич Доронин,Cup o' Joe
Клавдий Фомич Доронин,Латте Люкс
Клавдий Фомич Доронин,Pizza Picasso
Клавдий Фомич Доронин,Звезда Неаполя
Клавдий Фомич Доронин,Gin & Juice
Клавдий Фомич Доронин,Ванильная Визия
Клавдий Фомич Доронин,Пицца Приключение
Клавдий Фомич Доронин,Салют Сицилии
Клавдий Фомич Доронин,Tequila Town
Клавдий Фомич Доронин,Бар Блюз
Клавдий Фомич Доронин,Место Маргариты
Клавдий Фомич Доронин,Grounds for Celebration
Клавдий Фомич Доронин,Boozy Boulevard
Клавдий Фомич Доронин,Базилик и Орегано
Клавдий Фомич Доронин,Капучино Клуб
Клавдий Фомич Доронин,Мир Макарон
Клавдий Фомич Доронин,Brick Oven Bliss
Клавдий Фомич Доронин,Бодрый Бариста
Клавдий Фомич Доронин,Bean Bliss
Клавдий Фомич Доронин,Baking Beauty
Клавдий Фомич Доронин,Pasta Palace
Клавдий Фомич Доронин,Оазис Эспрессо
Клавдий Фомич Доронин,Таверна Тостов
Клавдий Фомич Доронин,Coffee Carnival
Спиридон Егорович Большаков,Rum Runner
Спиридон Егорович Большаков,Slice of Rome
Спиридон Егорович Большаков,Caffeine Castle
Спиридон Егорович Большаков,Mixology Mastery
Спиридон Егорович Большаков,Sicilian Secret
Спиридон Егорович Большаков,Brewed Awakening
Спиридон Егорович Большаков,Gourmet Garlic
Спиридон Егорович Большаков,Bistro Bliss
Спиридон Егорович Большаков,Кофейный Космос
Спиридон Егорович Большаков,Grill & Grains
Спиридон Егорович Большаков,Mocha Magic
Спиридон Егорович Большаков,Булочная Бонжур
Спиридон Егорович Большаков,Пивной Парад
Спиридон Егорович Большаков,Espresso Emporium
Спиридон Егорович Большаков,Hops Heaven
Спиридон Егорович Большаков,Бокалы Богатства
Спиридон Егорович Большаков,Шоты Шерифа
Спиридон Егорович Большаков,Вино и Вода
Спиридон Егорович Большаков,Cupcake Castle
Спиридон Егорович Большаков,Liquor Library
Спиридон Егорович Большаков,Королевство Кальцоне
Спиридон Егорович Большаков,Сладкий Сюрприз
Спиридон Егорович Большаков,Кофе Коннект
Спиридон Егорович Большаков,Тосканский Трактир
Спиридон Егорович Большаков,Коктейль Королей
Спиридон Егорович Большаков,Бариста Битва
Спиридон Егорович Большаков,Веселье в Виски
Спиридон Егорович Большаков,Терраса Тортов
Спиридон Егорович Большаков,Napoli Nights
Спиридон Егорович Большаков,Рай Ристретто
Спиридон Егорович Большаков,Mozzarella Majesty
Спиридон Егорович Большаков,Кафе Карамель
Спиридон Егорович Большаков,Cuisine Corner
Спиридон Егорович Большаков,Provolone Palace
Спиридон Егорович Большаков,Таверна Талантов
Спиридон Егорович Большаков,Магия Макиато
Спиридон Егорович Большаков,Soup & Salad
Спиридон Егорович Большаков,Craft & Draft
Спиридон Егорович Большаков,Морозко Мороженое
Спиридон Егорович Большаков,Барман Бей
Спиридон Егорович Большаков,Spirits & Spices
Спиридон Егорович Большаков,Пиццерия Капри
Спиридон Егорович Большаков,Вкус Венеции
Спиридон Егорович Большаков,Dough & Cheese
Спиридон Егорович Большаков,Roast & Toast
Спиридон Егорович Большаков,Пицца Парадизо
Спиридон Егорович Большаков,Deli Delight
Спиридон Егорович Большаков,Malt Mansion
Спиридон Егорович Большаков,Dessert Dream
Спиридон Егорович Большаков,Кафе Каприс
Спиридон Егорович Большаков,Гурман Горизонт
Спиридон Егорович Большаков,Бар Барон
Спиридон Егорович Большаков,Cafe Comfort
Спиридон Егорович Большаков,Choco Charm
Спиридон Егорович Большаков,Pepperoni Passion
Спиридон Егорович Большаков,Взлет Вкусов
Спиридон Егорович Большаков,Cup o' Joe
Спиридон Егорович Большаков,Латте Люкс
Спиридон Егорович Большаков,Pizza Picasso
Спиридон Егорович Большаков,Звезда Неаполя
Спиридон Егорович Большаков,Gin & Juice
Спиридон Егорович Большаков,Ванильная Визия
Спиридон Егорович Большаков,Пицца Приключение
Спиридон Егорович Большаков,Салют Сицилии
Спиридон Егорович Большаков,Tequila Town
Спиридон Егорович Большаков,Бар Блюз
Спиридон Егорович Большаков,Место Маргариты
Спиридон Егорович Большаков,Grounds for Celebration
Спиридон Егорович Большаков,Boozy Boulevard
Спиридон Егорович Большаков,Базилик и Орегано
Спиридон Егорович Большаков,Капучино Клуб
Спиридон Егорович Большаков,Мир Макарон
Спиридон Егорович Большаков,Brick Oven Bliss
Спиридон Егорович Большаков,Бодрый Бариста
Спиридон Егорович Большаков,Bean Bliss
Спиридон Егорович Большаков,Baking Beauty
Спиридон Егорович Большаков,Pasta Palace
Спиридон Егорович Большаков,Оазис Эспрессо
Спиридон Егорович Большаков,Таверна Тостов
Спиридон Егорович Большаков,Coffee Carnival
Волков Мечислав Витальевич,Rum Runner
Волков Мечислав Витальевич,Slice of Rome
Волков Мечислав Витальевич,Caffeine Castle
Волков Мечислав Витальевич,Mixology Mastery
Волков Мечислав Витальевич,Sicilian Secret
Волков Мечислав Витальевич,Brewed Awakening
Волков Мечислав Витальевич,Gourmet Garlic
Волков Мечислав Витальевич,Bistro Bliss
Волков Мечислав Витальевич,Кофейный Космос
Волков Мечислав Витальевич,Grill & Grains
Волков Мечислав Витальевич,Mocha Magic
Волков Мечислав Витальевич,Булочная Бонжур
Волков Мечислав Витальевич,Пивной Парад
Волков Мечислав Витальевич,Espresso Emporium
Волков Мечислав Витальевич,Hops Heaven
Волков Мечислав Витальевич,Бокалы Богатства
Волков Мечислав Витальевич,Шоты Шерифа
Волков Мечислав Витальевич,Вино и Вода
Волков Мечислав Витальевич,Cupcake Castle
Волков Мечислав Витальевич,Liquor Library
Волков Мечислав Витальевич,Королевство Кальцоне
Волков Мечислав Витальевич,Сладкий Сюрприз
Волков Мечислав Витальевич,Кофе Коннект
Волков Мечислав Витальевич,Тосканский Трактир
Волков Мечислав Витальевич,Коктейль Королей
Волков Мечислав Витальевич,Бариста Битва
Волков Мечислав Витальевич,Веселье в Виски
Волков Мечислав Витальевич,Терраса Тортов
Волков Мечислав Витальевич,Napoli Nights
Волков Мечислав Витальевич,Рай Ристретто
Волков Мечислав Витальевич,Mozzarella Majesty
Волков Мечислав Витальевич,Кафе Карамель
Волков Мечислав Витальевич,Cuisine Corner
Волков Мечислав Витальевич,Provolone Palace
Волков Мечислав Витальевич,Таверна Талантов
Волков Мечислав Витальевич,Магия Макиато
Волков Мечислав Витальевич,Soup & Salad
Волков Мечислав Витальевич,Craft & Draft
Волков Мечислав Витальевич,Морозко Мороженое
Волков Мечислав Витальевич,Барман Бей
Волков Мечислав Витальевич,Spirits & Spices
Волков Мечислав Витальевич,Пиццерия Капри
Волков Мечислав Витальевич,Вкус Венеции
Волков Мечислав Витальевич,Dough & Cheese
Волков Мечислав Витальевич,Roast & Toast
Волков Мечислав Витальевич,Пицца Парадизо
Волков Мечислав Витальевич,Deli Delight
Волков Мечислав Витальевич,Malt Mansion
Волков Мечислав Витальевич,Dessert Dream
Волков Мечислав Витальевич,Кафе Каприс
Волков Мечислав Витальевич,Гурман Горизонт
Волков Мечислав Витальевич,Бар Барон
Волков Мечислав Витальевич,Cafe Comfort
Волков Мечислав Витальевич,Choco Charm
Волков Мечислав Витальевич,Pepperoni Passion
Волков Мечислав Витальевич,Взлет Вкусов
Волков Мечислав Витальевич,Cup o' Joe
Волков Мечислав Витальевич,Латте Люкс
Волков Мечислав Витальевич,Pizza Picasso
Волков Мечислав Витальевич,Звезда Неаполя
Волков Мечислав Витальевич,Gin & Juice
Волков Мечислав Витальевич,Ванильная Визия
Волков Мечислав Витальевич,Пицца Приключение
Волков Мечислав Витальевич,Салют Сицилии
Волков Мечислав Витальевич,Tequila Town
Волков Мечислав Витальевич,Бар Блюз
Волков Мечислав Витальевич,Место Маргариты
Волков Мечислав Витальевич,Grounds for Celebration
Волков Мечислав Витальевич,Boozy Boulevard
Волков Мечислав Витальевич,Базилик и Орегано
Волков Мечислав Витальевич,Капучино Клуб
Волков Мечислав Витальевич,Мир Макарон
Волков Мечислав Витальевич,Brick Oven Bliss
Волков Мечислав Витальевич,Бодрый Бариста
Волков Мечислав Витальевич,Bean Bliss
Волков Мечислав Витальевич,Baking Beauty
Волков Мечислав Витальевич,Pasta Palace
Волков Мечислав Витальевич,Оазис Эспрессо
Волков Мечислав Витальевич,Таверна Тостов
Волков Мечислав Витальевич,Coffee Carnival
Остап Терентьевич Рогов,Rum Runner
Остап Терентьевич Рогов,Slice of Rome
Остап Терентьевич Рогов,Caffeine Castle
Остап Терентьевич Рогов,Mixology Mastery
Остап Терентьевич Рогов,Sicilian Secret
Остап Терентьевич Рогов,Brewed Awakening
Остап Терентьевич Рогов,Gourmet Garlic
Остап Терентьевич Рогов,Bistro Bliss
Остап Терентьевич Рогов,Кофейный Космос
Остап Терентьевич Рогов,Grill & Grains
Остап Терентьевич Рогов,Mocha Magic
Остап Терентьевич Рогов,Булочная Бонжур
Остап Терентьевич Рогов,Пивной Парад
Остап Терентьевич Рогов,Espresso Emporium
Остап Терентьевич Рогов,Hops Heaven
Остап Терентьевич Рогов,Бокалы Богатства
Остап Терентьевич Рогов,Шоты Шерифа
Остап Терентьевич Рогов,Вино и Вода
Остап Терентьевич Рогов,Cupcake Castle
Остап Терентьевич Рогов,Liquor Library
Остап Терентьевич Рогов,Королевство Кальцоне
Остап Терентьевич Рогов,Сладкий Сюрприз
Остап Терентьевич Рогов,Кофе Коннект
Остап Терентьевич Рогов,Тосканский Трактир
Остап Терентьевич Рогов,Коктейль Королей
Остап Терентьевич Рогов,Бариста Битва
Остап Терентьевич Рогов,Веселье в Виски
Остап Терентьевич Рогов,Терраса Тортов
Остап Терентьевич Рогов,Napoli Nights
Остап Терентьевич Рогов,Рай Ристретто
Остап Терентьевич Рогов,Mozzarella Majesty
Остап Терентьевич Рогов,Кафе Карамель
Остап Терентьевич Рогов,Cuisine Corner
Остап Терентьевич Рогов,Provolone Palace
Остап Терентьевич Рогов,Таверна Талантов
Остап Терентьевич Рогов,Магия Макиато
Остап Терентьевич Рогов,Soup & Salad
Остап Терентьевич Рогов,Craft & Draft
Остап Терентьевич Рогов,Морозко Мороженое
Остап Терентьевич Рогов,Барман Бей
Остап Терентьевич Рогов,Spirits & Spices
Остап Терентьевич Рогов,Пиццерия Капри
Остап Терентьевич Рогов,Вкус Венеции
Остап Терентьевич Рогов,Dough & Cheese
Остап Терентьевич Рогов,Roast & Toast
Остап Терентьевич Рогов,Пицца Парадизо
Остап Терентьевич Рогов,Deli Delight
Остап Терентьевич Рогов,Malt Mansion
Остап Терентьевич Рогов,Dessert Dream
Остап Терентьевич Рогов,Кафе Каприс
Остап Терентьевич Рогов,Гурман Горизонт
Остап Терентьевич Рогов,Бар Барон
Остап Терентьевич Рогов,Cafe Comfort
Остап Терентьевич Рогов,Choco Charm
Остап Терентьевич Рогов,Pepperoni Passion
Остап Терентьевич Рогов,Взлет Вкусов
Остап Терентьевич Рогов,Cup o' Joe
Остап Терентьевич Рогов,Латте Люкс
Остап Терентьевич Рогов,Pizza Picasso
Остап Терентьевич Рогов,Звезда Неаполя
Остап Терентьевич Рогов,Gin & Juice
Остап Терентьевич Рогов,Ванильная Визия
Остап Терентьевич Рогов,Пицца Приключение
Остап Терентьевич Рогов,Салют Сицилии
Остап Терентьевич Рогов,Tequila Town
Остап Терентьевич Рогов,Бар Блюз
Остап Терентьевич Рогов,Место Маргариты
Остап Терентьевич Рогов,Grounds for Celebration
Остап Терентьевич Рогов,Boozy Boulevard
Остап Терентьевич Рогов,Базилик и Орегано
Остап Терентьевич Рогов,Капучино Клуб
Остап Терентьевич Рогов,Мир Макарон
Остап Терентьевич Рогов,Brick Oven Bliss
Остап Терентьевич Рогов,Бодрый Бариста
Остап Терентьевич Рогов,Bean Bliss
Остап Терентьевич Рогов,Baking Beauty
Остап Терентьевич Рогов,Pasta Palace
Остап Терентьевич Рогов,Оазис Эспрессо
Остап Терентьевич Рогов,Таверна Тостов
Остап Терентьевич Рогов,Coffee Carnival
Лора Артемовна Кудряшова,Rum Runner
Лора Артемовна Кудряшова,Slice of Rome
Лора Артемовна Кудряшова,Caffeine Castle
Лора Артемовна Кудряшова,Mixology Mastery
Лора Артемовна Кудряшова,Sicilian Secret
Лора Артемовна Кудряшова,Brewed Awakening
Лора Артемовна Кудряшова,Gourmet Garlic
Лора Артемовна Кудряшова,Bistro Bliss
Лора Артемовна Кудряшова,Кофейный Космос
Лора Артемовна Кудряшова,Grill & Grains
Лора Артемовна Кудряшова,Mocha Magic
Лора Артемовна Кудряшова,Булочная Бонжур
Лора Артемовна Кудряшова,Пивной Парад
Лора Артемовна Кудряшова,Espresso Emporium
Лора Артемовна Кудряшова,Hops Heaven
Лора Артемовна Кудряшова,Бокалы Богатства
Лора Артемовна Кудряшова,Шоты Шерифа
Лора Артемовна Кудряшова,Вино и Вода
Лора Артемовна Кудряшова,Cupcake Castle
Лора Артемовна Кудряшова,Liquor Library
Лора Артемовна Кудряшова,Королевство Кальцоне
Лора Артемовна Кудряшова,Сладкий Сюрприз
Лора Артемовна Кудряшова,Кофе Коннект
Лора Артемовна Кудряшова,Тосканский Трактир
Лора Артемовна Кудряшова,Коктейль Королей
Лора Артемовна Кудряшова,Бариста Битва
Лора Артемовна Кудряшова,Веселье в Виски
Лора Артемовна Кудряшова,Терраса Тортов
Лора Артемовна Кудряшова,Napoli Nights
Лора Артемовна Кудряшова,Рай Ристретто
Лора Артемовна Кудряшова,Mozzarella Majesty
Лора Артемовна Кудряшова,Кафе Карамель
Лора Артемовна Кудряшова,Cuisine Corner
Лора Артемовна Кудряшова,Provolone Palace
Лора Артемовна Кудряшова,Таверна Талантов
Лора Артемовна Кудряшова,Магия Макиато
Лора Артемовна Кудряшова,Soup & Salad
Лора Артемовна Кудряшова,Craft & Draft
Лора Артемовна Кудряшова,Морозко Мороженое
Лора Артемовна Кудряшова,Барман Бей
Лора Артемовна Кудряшова,Spirits & Spices
Лора Артемовна Кудряшова,Пиццерия Капри
Лора Артемовна Кудряшова,Вкус Венеции
Лора Артемовна Кудряшова,Dough & Cheese
Лора Артемовна Кудряшова,Roast & Toast
Лора Артемовна Кудряшова,Пицца Парадизо
Лора Артемовна Кудряшова,Deli Delight
Лора Артемовна Кудряшова,Malt Mansion
Лора Артемовна Кудряшова,Dessert Dream
Лора Артемовна Кудряшова,Кафе Каприс
Лора Артемовна Кудряшова,Гурман Горизонт
Лора Артемовна Кудряшова,Бар Барон
Лора Артемовна Кудряшова,Cafe Comfort
Лора Артемовна Кудряшова,Choco Charm
Лора Артемовна Кудряшова,Pepperoni Passion
Лора Артемовна Кудряшова,Взлет Вкусов
Лора Артемовна Кудряшова,Cup o' Joe
Лора Артемовна Кудряшова,Латте Люкс
Лора Артемовна Кудряшова,Pizza Picasso
Лора Артемовна Кудряшова,Звезда Неаполя
Лора Артемовна Кудряшова,Gin & Juice
Лора Артемовна Кудряшова,Ванильная Визия
Лора Артемовна Кудряшова,Пицца Приключение
Лора Артемовна Кудряшова,Салют Сицилии
Лора Артемовна Кудряшова,Tequila Town
Лора Артемовна Кудряшова,Бар Блюз
Лора Артемовна Кудряшова,Место Маргариты
Лора Артемовна Кудряшова,Grounds for Celebration
Лора Артемовна Кудряшова,Boozy Boulevard
Лора Артемовна Кудряшова,Базилик и Орегано
Лора Артемовна Кудряшова,Капучино Клуб
Лора Артемовна Кудряшова,Мир Макарон
Лора Артемовна Кудряшова,Brick Oven Bliss
Лора Артемовна Кудряшова,Бодрый Бариста
Лора Артемовна Кудряшова,Bean Bliss
Лора Артемовна Кудряшова,Baking Beauty
Лора Артемовна Кудряшова,Pasta Palace
Лора Артемовна Кудряшова,Оазис Эспрессо
Лора Артемовна Кудряшова,Таверна Тостов
Лора Артемовна Кудряшова,Coffee Carnival
Амос Виленович Щербаков,Rum Runner
Амос Виленович Щербаков,Slice of Rome
Амос Виленович Щербаков,Caffeine Castle
Амос Виленович Щербаков,Mixology Mastery
Амос Виленович Щербаков,Sicilian Secret
Амос Виленович Щербаков,Brewed Awakening
Амос Виленович Щербаков,Gourmet Garlic
Амос Виленович Щербаков,Bistro Bliss
Амос Виленович Щербаков,Кофейный Космос
Амос Виленович Щербаков,Grill & Grains
Амос Виленович Щербаков,Mocha Magic
Амос Виленович Щербаков,Булочная Бонжур
Амос Виленович Щербаков,Пивной Парад
Амос Виленович Щербаков,Espresso Emporium
Амос Виленович Щербаков,Hops Heaven
Амос Виленович Щербаков,Бокалы Богатства
Амос Виленович Щербаков,Шоты Шерифа
Амос Виленович Щербаков,Вино и Вода
Амос Виленович Щербаков,Cupcake Castle
Амос Виленович Щербаков,Liquor Library
Амос Виленович Щербаков,Королевство Кальцоне
Амос Виленович Щербаков,Сладкий Сюрприз
Амос Виленович Щербаков,Кофе Коннект
Амос Виленович Щербаков,Тосканский Трактир
Амос Виленович Щербаков,Коктейль Королей
Амос Виленович Щербаков,Бариста Битва
Амос Виленович Щербаков,Веселье в Виски
Амос Виленович Щербаков,Терраса Тортов
Амос Виленович Щербаков,Napoli Nights
Амос Виленович Щербаков,Рай Ристретто
Амос Виленович Щербаков,Mozzarella Majesty
Амос Виленович Щербаков,Кафе Карамель
Амос Виленович Щербаков,Cuisine Corner
Амос Виленович Щербаков,Provolone Palace
Амос Виленович Щербаков,Таверна Талантов
Амос Виленович Щербаков,Магия Макиато
Амос Виленович Щербаков,Soup & Salad
Амос Виленович Щербаков,Craft & Draft
Амос Виленович Щербаков,Морозко Мороженое
Амос Виленович Щербаков,Барман Бей
Амос Виленович Щербаков,Spirits & Spices
Амос Виленович Щербаков,Пиццерия Капри
Амос Виленович Щербаков,Вкус Венеции
Амос Виленович Щербаков,Dough & Cheese
Амос Виленович Щербаков,Roast & Toast
Амос Виленович Щербаков,Пицца Парадизо
Амос Виленович Щербаков,Deli Delight
Амос Виленович Щербаков,Malt Mansion
Амос Виленович Щербаков,Dessert Dream
Амос Виленович Щербаков,Кафе Каприс
Амос Виленович Щербаков,Гурман Горизонт
Амос Виленович Щербаков,Бар Барон
Амос Виленович Щербаков,Cafe Comfort
Амос Виленович Щербаков,Choco Charm
Амос Виленович Щербаков,Pepperoni Passion
Амос Виленович Щербаков,Взлет Вкусов
Амос Виленович Щербаков,Cup o' Joe
Амос Виленович Щербаков,Латте Люкс
Амос Виленович Щербаков,Pizza Picasso
Амос Виленович Щербаков,Звезда Неаполя
Амос Виленович Щербаков,Gin & Juice
Амос Виленович Щербаков,Ванильная Визия
Амос Виленович Щербаков,Пицца Приключение
Амос Виленович Щербаков,Салют Сицилии
Амос Виленович Щербаков,Tequila Town
Амос Виленович Щербаков,Бар Блюз
Амос Виленович Щербаков,Место Маргариты
Амос Виленович Щербаков,Grounds for Celebration
Амос Виленович Щербаков,Boozy Boulevard
Амос Виленович Щербаков,Базилик и Орегано
Амос Виленович Щербаков,Капучино Клуб
Амос Виленович Щербаков,Мир Макарон
Амос Виленович Щербаков,Brick Oven Bliss
Амос Виленович Щербаков,Бодрый Бариста
Амос Виленович Щербаков,Bean Bliss
Амос Виленович Щербаков,Baking Beauty
Амос Виленович Щербаков,Pasta Palace
Амос Виленович Щербаков,Оазис Эспрессо
Амос Виленович Щербаков,Таверна Тостов
Амос Виленович Щербаков,Coffee Carnival
Ананий Якубович Кудрявцев,Rum Runner
Ананий Якубович Кудрявцев,Slice of Rome
Ананий Якубович Кудрявцев,Caffeine Castle
Ананий Якубович Кудрявцев,Mixology Mastery
Ананий Якубович Кудрявцев,Sicilian Secret
Ананий Якубович Кудрявцев,Brewed Awakening
Ананий Якубович Кудрявцев,Gourmet Garlic
Ананий Якубович Кудрявцев,Bistro Bliss
Ананий Якубович Кудрявцев,Кофейный Космос
Ананий Якубович Кудрявцев,Grill & Grains
Ананий Якубович Кудрявцев,Mocha Magic
Ананий Якубович Кудрявцев,Булочная Бонжур
Ананий Якубович Кудрявцев,Пивной Парад
Ананий Якубович Кудрявцев,Espresso Emporium
Ананий Якубович Кудрявцев,Hops Heaven
Ананий Якубович Кудрявцев,Бокалы Богатства
Ананий Якубович Кудрявцев,Шоты Шерифа
Ананий Якубович Кудрявцев,Вино и Вода
Ананий Якубович Кудрявцев,Cupcake Castle
Ананий Якубович Кудрявцев,Liquor Library
Ананий Якубович Кудрявцев,Королевство Кальцоне
Ананий Якубович Кудрявцев,Сладкий Сюрприз
Ананий Якубович Кудрявцев,Кофе Коннект
Ананий Якубович Кудрявцев,Тосканский Трактир
Ананий Якубович Кудрявцев,Коктейль Королей
Ананий Якубович Кудрявцев,Бариста Битва
Ананий Якубович Кудрявцев,Веселье в Виски
Ананий Якубович Кудрявцев,Терраса Тортов
Ананий Якубович Кудрявцев,Napoli Nights
Ананий Якубович Кудрявцев,Рай Ристретто
Ананий Якубович Кудрявцев,Mozzarella Majesty
Ананий Якубович Кудрявцев,Кафе Карамель
Ананий Якубович Кудрявцев,Cuisine Corner
Ананий Якубович Кудрявцев,Provolone Palace
Ананий Якубович Кудрявцев,Таверна Талантов
Ананий Якубович Кудрявцев,Магия Макиато
Ананий Якубович Кудрявцев,Soup & Salad
Ананий Якубович Кудрявцев,Craft & Draft
Ананий Якубович Кудрявцев,Морозко Мороженое
Ананий Якубович Кудрявцев,Барман Бей
Ананий Якубович Кудрявцев,Spirits & Spices
Ананий Якубович Кудрявцев,Пиццерия Капри
Ананий Якубович Кудрявцев,Вкус Венеции
Ананий Якубович Кудрявцев,Dough & Cheese
Ананий Якубович Кудрявцев,Roast & Toast
Ананий Якубович Кудрявцев,Пицца Парадизо
Ананий Якубович Кудрявцев,Deli Delight
Ананий Якубович Кудрявцев,Malt Mansion
Ананий Якубович Кудрявцев,Dessert Dream
Ананий Якубович Кудрявцев,Кафе Каприс
Ананий Якубович Кудрявцев,Гурман Горизонт
Ананий Якубович Кудрявцев,Бар Барон
Ананий Якубович Кудрявцев,Cafe Comfort
Ананий Якубович Кудрявцев,Choco Charm
Ананий Якубович Кудрявцев,Pepperoni Passion
Ананий Якубович Кудрявцев,Взлет Вкусов
Ананий Якубович Кудрявцев,Cup o' Joe
Ананий Якубович Кудрявцев,Латте Люкс
Ананий Якубович Кудрявцев,Pizza Picasso
Ананий Якубович Кудрявцев,Звезда Неаполя
Ананий Якубович Кудрявцев,Gin & Juice
Ананий Якубович Кудрявцев,Ванильная Визия
Ананий Якубович Кудрявцев,Пицца Приключение
Ананий Якубович Кудрявцев,Салют Сицилии
Ананий Якубович Кудрявцев,Tequila Town
Ананий Якубович Кудрявцев,Бар Блюз
Ананий Якубович Кудрявцев,Место Маргариты
Ананий Якубович Кудрявцев,Grounds for Celebration
Ананий Якубович Кудрявцев,Boozy Boulevard
Ананий Якубович Кудрявцев,Базилик и Орегано
Ананий Якубович Кудрявцев,Капучино Клуб
Ананий Якубович Кудрявцев,Мир Макарон
Ананий Якубович Кудрявцев,Brick Oven Bliss
Ананий Якубович Кудрявцев,Бодрый Бариста
Ананий Якубович Кудрявцев,Bean Bliss
Ананий Якубович Кудрявцев,Baking Beauty
Ананий Якубович Кудрявцев,Pasta Palace
Ананий Якубович Кудрявцев,Оазис Эспрессо
Ананий Якубович Кудрявцев,Таверна Тостов
Ананий Якубович Кудрявцев,Coffee Carnival
Орехов Влас Гертрудович,Rum Runner
Орехов Влас Гертрудович,Slice of Rome
Орехов Влас Гертрудович,Caffeine Castle
Орехов Влас Гертрудович,Mixology Mastery
Орехов Влас Гертрудович,Sicilian Secret
Орехов Влас Гертрудович,Brewed Awakening
Орехов Влас Гертрудович,Gourmet Garlic
Орехов Влас Гертрудович,Bistro Bliss
Орехов Влас Гертрудович,Кофейный Космос
Орехов Влас Гертрудович,Grill & Grains
Орехов Влас Гертрудович,Mocha Magic
Орехов Влас Гертрудович,Булочная Бонжур
Орехов Влас Гертрудович,Пивной Парад
Орехов Влас Гертрудович,Espresso Emporium
Орехов Влас Гертрудович,Hops Heaven
Орехов Влас Гертрудович,Бокалы Богатства
Орехов Влас Гертрудович,Шоты Шерифа
Орехов Влас Гертрудович,Вино и Вода
Орехов Влас Гертрудович,Cupcake Castle
Орехов Влас Гертрудович,Liquor Library
Орехов Влас Гертрудович,Королевство Кальцоне
Орехов Влас Гертрудович,Сладкий Сюрприз
Орехов Влас Гертрудович,Кофе Коннект
Орехов Влас Гертрудович,Тосканский Трактир
Орехов Влас Гертрудович,Коктейль Королей
Орехов Влас Гертрудович,Бариста Битва
Орехов Влас Гертрудович,Веселье в Виски
Орехов Влас Гертрудович,Терраса Тортов
Орехов Влас Гертрудович,Napoli Nights
Орехов Влас Гертрудович,Рай Ристретто
Орехов Влас Гертрудович,Mozzarella Majesty
Орехов Влас Гертрудович,Кафе Карамель
Орехов Влас Гертрудович,Cuisine Corner
Орехов Влас Гертрудович,Provolone Palace
Орехов Влас Гертрудович,Таверна Талантов
Орехов Влас Гертрудович,Магия Макиато
Орехов Влас Гертрудович,Soup & Salad
Орехов Влас Гертрудович,Craft & Draft
Орехов Влас Гертрудович,Морозко Мороженое
Орехов Влас Гертрудович,Барман Бей
Орехов Влас Гертрудович,Spirits & Spices
Орехов Влас Гертрудович,Пиццерия Капри
Орехов Влас Гертрудович,Вкус Венеции
Орехов Влас Гертрудович,Dough & Cheese
Орехов Влас Гертрудович,Roast & Toast
Орехов Влас Гертрудович,Пицца Парадизо
Орехов Влас Гертрудович,Deli Delight
Орехов Влас Гертрудович,Malt Mansion
Орехов Влас Гертрудович,Dessert Dream
Орехов Влас Гертрудович,Кафе Каприс
Орехов Влас Гертрудович,Гурман Горизонт
Орехов Влас Гертрудович,Бар Барон
Орехов Влас Гертрудович,Cafe Comfort
Орехов Влас Гертрудович,Choco Charm
Орехов Влас Гертрудович,Pepperoni Passion
Орехов Влас Гертрудович,Взлет Вкусов
Орехов Влас Гертрудович,Cup o' Joe
Орехов Влас Гертрудович,Латте Люкс
Орехов Влас Гертрудович,Pizza Picasso
Орехов Влас Гертрудович,Звезда Неаполя
Орехов Влас Гертрудович,Gin & Juice
Орехов Влас Гертрудович,Ванильная Визия
Орехов Влас Гертрудович,Пицца Приключение
Орехов Влас Гертрудович,Салют Сицилии
Орехов Влас Гертрудович,Tequila Town
Орехов Влас Гертрудович,Бар Блюз
Орехов Влас Гертрудович,Место Маргариты
Орехов Влас Гертрудович,Grounds for Celebration
Орехов Влас Гертрудович,Boozy Boulevard
Орехов Влас Гертрудович,Базилик и Орегано
Орехов Влас Гертрудович,Капучино Клуб
Орехов Влас Гертрудович,Мир Макарон
Орехов Влас Гертрудович,Brick Oven Bliss
Орехов Влас Гертрудович,Бодрый Бариста
Орехов Влас Гертрудович,Bean Bliss
Орехов Влас Гертрудович,Baking Beauty
Орехов Влас Гертрудович,Pasta Palace
Орехов Влас Гертрудович,Оазис Эспрессо
Орехов Влас Гертрудович,Таверна Тостов
Орехов Влас Гертрудович,Coffee Carnival
Людмила Георгиевна Архипова,Rum Runner
Людмила Георгиевна Архипова,Slice of Rome
Людмила Георгиевна Архипова,Caffeine Castle
Людмила Георгиевна Архипова,Mixology Mastery
Людмила Георгиевна Архипова,Sicilian Secret
Людмила Георгиевна Архипова,Brewed Awakening
Людмила Георгиевна Архипова,Gourmet Garlic
Людмила Георгиевна Архипова,Bistro Bliss
Людмила Георгиевна Архипова,Кофейный Космос
Людмила Георгиевна Архипова,Grill & Grains
Людмила Георгиевна Архипова,Mocha Magic
Людмила Георгиевна Архипова,Булочная Бонжур
Людмила Георгиевна Архипова,Пивной Парад
Людмила Георгиевна Архипова,Espresso Emporium
Людмила Георгиевна Архипова,Hops Heaven
Людмила Георгиевна Архипова,Бокалы Богатства
Людмила Георгиевна Архипова,Шоты Шерифа
Людмила Георгиевна Архипова,Вино и Вода
Людмила Георгиевна Архипова,Cupcake Castle
Людмила Георгиевна Архипова,Liquor Library
Людмила Георгиевна Архипова,Королевство Кальцоне
Людмила Георгиевна Архипова,Сладкий Сюрприз
Людмила Георгиевна Архипова,Кофе Коннект
Людмила Георгиевна Архипова,Тосканский Трактир
Людмила Георгиевна Архипова,Коктейль Королей
Людмила Георгиевна Архипова,Бариста Битва
Людмила Георгиевна Архипова,Веселье в Виски
Людмила Георгиевна Архипова,Терраса Тортов
Людмила Георгиевна Архипова,Napoli Nights
Людмила Георгиевна Архипова,Рай Ристретто
Людмила Георгиевна Архипова,Mozzarella Majesty
Людмила Георгиевна Архипова,Кафе Карамель
Людмила Георгиевна Архипова,Cuisine Corner
Людмила Георгиевна Архипова,Provolone Palace
Людмила Георгиевна Архипова,Таверна Талантов
Людмила Георгиевна Архипова,Магия Макиато
Людмила Георгиевна Архипова,Soup & Salad
Людмила Георгиевна Архипова,Craft & Draft
Людмила Георгиевна Архипова,Морозко Мороженое
Людмила Георгиевна Архипова,Барман Бей
Людмила Георгиевна Архипова,Spirits & Spices
Людмила Георгиевна Архипова,Пиццерия Капри
Людмила Георгиевна Архипова,Вкус Венеции
Людмила Георгиевна Архипова,Dough & Cheese
Людмила Георгиевна Архипова,Roast & Toast
Людмила Георгиевна Архипова,Пицца Парадизо
Людмила Георгиевна Архипова,Deli Delight
Людмила Георгиевна Архипова,Malt Mansion
Людмила Георгиевна Архипова,Dessert Dream
Людмила Георгиевна Архипова,Кафе Каприс
Людмила Георгиевна Архипова,Гурман Горизонт
Людмила Георгиевна Архипова,Бар Барон
Людмила Георгиевна Архипова,Cafe Comfort
Людмила Георгиевна Архипова,Choco Charm
Людмила Георгиевна Архипова,Pepperoni Passion
Людмила Георгиевна Архипова,Взлет Вкусов
Людмила Георгиевна Архипова,Cup o' Joe
Людмила Георгиевна Архипова,Латте Люкс
Людмила Георгиевна Архипова,Pizza Picasso
Людмила Георгиевна Архипова,Звезда Неаполя
Людмила Георгиевна Архипова,Gin & Juice
Людмила Георгиевна Архипова,Ванильная Визия
Людмила Георгиевна Архипова,Пицца Приключение
Людмила Георгиевна Архипова,Салют Сицилии
Людмила Георгиевна Архипова,Tequila Town
Людмила Георгиевна Архипова,Бар Блюз
Людмила Георгиевна Архипова,Место Маргариты
Людмила Георгиевна Архипова,Grounds for Celebration
Людмила Георгиевна Архипова,Boozy Boulevard
Людмила Георгиевна Архипова,Базилик и Орегано
Людмила Георгиевна Архипова,Капучино Клуб
Людмила Георгиевна Архипова,Мир Макарон
Людмила Георгиевна Архипова,Brick Oven Bliss
Людмила Георгиевна Архипова,Бодрый Бариста
Людмила Георгиевна Архипова,Bean Bliss
Людмила Георгиевна Архипова,Baking Beauty
Людмила Георгиевна Архипова,Pasta Palace
Людмила Георгиевна Архипова,Оазис Эспрессо
Людмила Георгиевна Архипова,Таверна Тостов
Людмила Георгиевна Архипова,Coffee Carnival
Мясникова Милица Аскольдовна,Rum Runner
Мясникова Милица Аскольдовна,Slice of Rome
Мясникова Милица Аскольдовна,Caffeine Castle
Мясникова Милица Аскольдовна,Mixology Mastery
Мясникова Милица Аскольдовна,Sicilian Secret
Мясникова Милица Аскольдовна,Brewed Awakening
Мясникова Милица Аскольдовна,Gourmet Garlic
Мясникова Милица Аскольдовна,Bistro Bliss
Мясникова Милица Аскольдовна,Кофейный Космос
Мясникова Милица Аскольдовна,Grill & Grains
Мясникова Милица Аскольдовна,Mocha Magic
Мясникова Милица Аскольдовна,Булочная Бонжур
Мясникова Милица Аскольдовна,Пивной Парад
Мясникова Милица Аскольдовна,Espresso Emporium
Мясникова Милица Аскольдовна,Hops Heaven
Мясникова Милица Аскольдовна,Бокалы Богатства
Мясникова Милица Аскольдовна,Шоты Шерифа
Мясникова Милица Аскольдовна,Вино и Вода
Мясникова Милица Аскольдовна,Cupcake Castle
Мясникова Милица Аскольдовна,Liquor Library
Мясникова Милица Аскольдовна,Королевство Кальцоне
Мясникова Милица Аскольдовна,Сладкий Сюрприз
Мясникова Милица Аскольдовна,Кофе Коннект
Мясникова Милица Аскольдовна,Тосканский Трактир
Мясникова Милица Аскольдовна,Коктейль Королей
Мясникова Милица Аскольдовна,Бариста Битва
Мясникова Милица Аскольдовна,Веселье в Виски
Мясникова Милица Аскольдовна,Терраса Тортов
Мясникова Милица Аскольдовна,Napoli Nights
Мясникова Милица Аскольдовна,Рай Ристретто
Мясникова Милица Аскольдовна,Mozzarella Majesty
Мясникова Милица Аскольдовна,Кафе Карамель
Мясникова Милица Аскольдовна,Cuisine Corner
Мясникова Милица Аскольдовна,Provolone Palace
Мясникова Милица Аскольдовна,Таверна Талантов
Мясникова Милица Аскольдовна,Магия Макиато
Мясникова Милица Аскольдовна,Soup & Salad
Мясникова Милица Аскольдовна,Craft & Draft
Мясникова Милица Аскольдовна,Морозко Мороженое
Мясникова Милица Аскольдовна,Барман Бей
Мясникова Милица Аскольдовна,Spirits & Spices
Мясникова Милица Аскольдовна,Пиццерия Капри
Мясникова Милица Аскольдовна,Вкус Венеции
Мясникова Милица Аскольдовна,Dough & Cheese
Мясникова Милица Аскольдовна,Roast & Toast
Мясникова Милица Аскольдовна,Пицца Парадизо
Мясникова Милица Аскольдовна,Deli Delight
Мясникова Милица Аскольдовна,Malt Mansion
Мясникова Милица Аскольдовна,Dessert Dream
Мясникова Милица Аскольдовна,Кафе Каприс
Мясникова Милица Аскольдовна,Гурман Горизонт
Мясникова Милица Аскольдовна,Бар Барон
Мясникова Милица Аскольдовна,Cafe Comfort
Мясникова Милица Аскольдовна,Choco Charm
Мясникова Милица Аскольдовна,Pepperoni Passion
Мясникова Милица Аскольдовна,Взлет Вкусов
Мясникова Милица Аскольдовна,Cup o' Joe
Мясникова Милица Аскольдовна,Латте Люкс
Мясникова Милица Аскольдовна,Pizza Picasso
Мясникова Милица Аскольдовна,Звезда Неаполя
Мясникова Милица Аскольдовна,Gin & Juice
Мясникова Милица Аскольдовна,Ванильная Визия
Мясникова Милица Аскольдовна,Пицца Приключение
Мясникова Милица Аскольдовна,Салют Сицилии
Мясникова Милица Аскольдовна,Tequila Town
Мясникова Милица Аскольдовна,Бар Блюз
Мясникова Милица Аскольдовна,Место Маргариты
Мясникова Милица Аскольдовна,Grounds for Celebration
Мясникова Милица Аскольдовна,Boozy Boulevard
Мясникова Милица Аскольдовна,Базилик и Орегано
Мясникова Милица Аскольдовна,Капучино Клуб
Мясникова Милица Аскольдовна,Мир Макарон
Мясникова Милица Аскольдовна,Brick Oven Bliss
Мясникова Милица Аскольдовна,Бодрый Бариста
Мясникова Милица Аскольдовна,Bean Bliss
Мясникова Милица Аскольдовна,Baking Beauty
Мясникова Милица Аскольдовна,Pasta Palace
Мясникова Милица Аскольдовна,Оазис Эспрессо
Мясникова Милица Аскольдовна,Таверна Тостов
Мясникова Милица Аскольдовна,Coffee Carnival
Кулаков Фрол Бенедиктович,Rum Runner
Кулаков Фрол Бенедиктович,Slice of Rome
Кулаков Фрол Бенедиктович,Caffeine Castle
Кулаков Фрол Бенедиктович,Mixology Mastery
Кулаков Фрол Бенедиктович,Sicilian Secret
Кулаков Фрол Бенедиктович,Brewed Awakening
Кулаков Фрол Бенедиктович,Gourmet Garlic
Кулаков Фрол Бенедиктович,Bistro Bliss
Кулаков Фрол Бенедиктович,Кофейный Космос
Кулаков Фрол Бенедиктович,Grill & Grains
Кулаков Фрол Бенедиктович,Mocha Magic
Кулаков Фрол Бенедиктович,Булочная Бонжур
Кулаков Фрол Бенедиктович,Пивной Парад
Кулаков Фрол Бенедиктович,Espresso Emporium
Кулаков Фрол Бенедиктович,Hops Heaven
Кулаков Фрол Бенедиктович,Бокалы Богатства
Кулаков Фрол Бенедиктович,Шоты Шерифа
Кулаков Фрол Бенедиктович,Вино и Вода
Кулаков Фрол Бенедиктович,Cupcake Castle
Кулаков Фрол Бенедиктович,Liquor Library
Кулаков Фрол Бенедиктович,Королевство Кальцоне
Кулаков Фрол Бенедиктович,Сладкий Сюрприз
Кулаков Фрол Бенедиктович,Кофе Коннект
Кулаков Фрол Бенедиктович,Тосканский Трактир
Кулаков Фрол Бенедиктович,Коктейль Королей
Кулаков Фрол Бенедиктович,Бариста Битва
Кулаков Фрол Бенедиктович,Веселье в Виски
Кулаков Фрол Бенедиктович,Терраса Тортов
Кулаков Фрол Бенедиктович,Napoli Nights
Кулаков Фрол Бенедиктович,Рай Ристретто
Кулаков Фрол Бенедиктович,Mozzarella Majesty
Кулаков Фрол Бенедиктович,Кафе Карамель
Кулаков Фрол Бенедиктович,Cuisine Corner
Кулаков Фрол Бенедиктович,Provolone Palace
Кулаков Фрол Бенедиктович,Таверна Талантов
Кулаков Фрол Бенедиктович,Магия Макиато
Кулаков Фрол Бенедиктович,Soup & Salad
Кулаков Фрол Бенедиктович,Craft & Draft
Кулаков Фрол Бенедиктович,Морозко Мороженое
Кулаков Фрол Бенедиктович,Барман Бей
Кулаков Фрол Бенедиктович,Spirits & Spices
Кулаков Фрол Бенедиктович,Пиццерия Капри
Кулаков Фрол Бенедиктович,Вкус Венеции
Кулаков Фрол Бенедиктович,Dough & Cheese
Кулаков Фрол Бенедиктович,Roast & Toast
Кулаков Фрол Бенедиктович,Пицца Парадизо
Кулаков Фрол Бенедиктович,Deli Delight
Кулаков Фрол Бенедиктович,Malt Mansion
Кулаков Фрол Бенедиктович,Dessert Dream
Кулаков Фрол Бенедиктович,Кафе Каприс
Кулаков Фрол Бенедиктович,Гурман Горизонт
Кулаков Фрол Бенедиктович,Бар Барон
Кулаков Фрол Бенедиктович,Cafe Comfort
Кулаков Фрол Бенедиктович,Choco Charm
Кулаков Фрол Бенедиктович,Pepperoni Passion
Кулаков Фрол Бенедиктович,Взлет Вкусов
Кулаков Фрол Бенедиктович,Cup o' Joe
Кулаков Фрол Бенедиктович,Латте Люкс
Кулаков Фрол Бенедиктович,Pizza Picasso
Кулаков Фрол Бенедиктович,Звезда Неаполя
Кулаков Фрол Бенедиктович,Gin & Juice
Кулаков Фрол Бенедиктович,Ванильная Визия
Кулаков Фрол Бенедиктович,Пицца Приключение
Кулаков Фрол Бенедиктович,Салют Сицилии
Кулаков Фрол Бенедиктович,Tequila Town
Кулаков Фрол Бенедиктович,Бар Блюз
Кулаков Фрол Бенедиктович,Место Маргариты
Кулаков Фрол Бенедиктович,Grounds for Celebration
Кулаков Фрол Бенедиктович,Boozy Boulevard
Кулаков Фрол Бенедиктович,Базилик и Орегано
Кулаков Фрол Бенедиктович,Капучино Клуб
Кулаков Фрол Бенедиктович,Мир Макарон
Кулаков Фрол Бенедиктович,Brick Oven Bliss
Кулаков Фрол Бенедиктович,Бодрый Бариста
Кулаков Фрол Бенедиктович,Bean Bliss
Кулаков Фрол Бенедиктович,Baking Beauty
Кулаков Фрол Бенедиктович,Pasta Palace
Кулаков Фрол Бенедиктович,Оазис Эспрессо
Кулаков Фрол Бенедиктович,Таверна Тостов
Кулаков Фрол Бенедиктович,Coffee Carnival
Якушева Алла Юльевна,Rum Runner
Якушева Алла Юльевна,Slice of Rome
Якушева Алла Юльевна,Caffeine Castle
Якушева Алла Юльевна,Mixology Mastery
Якушева Алла Юльевна,Sicilian Secret
Якушева Алла Юльевна,Brewed Awakening
Якушева Алла Юльевна,Gourmet Garlic
Якушева Алла Юльевна,Bistro Bliss
Якушева Алла Юльевна,Кофейный Космос
Якушева Алла Юльевна,Grill & Grains
Якушева Алла Юльевна,Mocha Magic
Якушева Алла Юльевна,Булочная Бонжур
Якушева Алла Юльевна,Пивной Парад
Якушева Алла Юльевна,Espresso Emporium
Якушева Алла Юльевна,Hops Heaven
Якушева Алла Юльевна,Бокалы Богатства
Якушева Алла Юльевна,Шоты Шерифа
Якушева Алла Юльевна,Вино и Вода
Якушева Алла Юльевна,Cupcake Castle
Якушева Алла Юльевна,Liquor Library
Якушева Алла Юльевна,Королевство Кальцоне
Якушева Алла Юльевна,Сладкий Сюрприз
Якушева Алла Юльевна,Кофе Коннект
Якушева Алла Юльевна,Тосканский Трактир
Якушева Алла Юльевна,Коктейль Королей
Якушева Алла Юльевна,Бариста Битва
Якушева Алла Юльевна,Веселье в Виски
Якушева Алла Юльевна,Терраса Тортов
Якушева Алла Юльевна,Napoli Nights
Якушева Алла Юльевна,Рай Ристретто
Якушева Алла Юльевна,Mozzarella Majesty
Якушева Алла Юльевна,Кафе Карамель
Якушева Алла Юльевна,Cuisine Corner
Якушева Алла Юльевна,Provolone Palace
Якушева Алла Юльевна,Таверна Талантов
Якушева Алла Юльевна,Магия Макиато
Якушева Алла Юльевна,Soup & Salad
Якушева Алла Юльевна,Craft & Draft
Якушева Алла Юльевна,Морозко Мороженое
Якушева Алла Юльевна,Барман Бей
Якушева Алла Юльевна,Spirits & Spices
Якушева Алла Юльевна,Пиццерия Капри
Якушева Алла Юльевна,Вкус Венеции
Якушева Алла Юльевна,Dough & Cheese
Якушева Алла Юльевна,Roast & Toast
Якушева Алла Юльевна,Пицца Парадизо
Якушева Алла Юльевна,Deli Delight
Якушева Алла Юльевна,Malt Mansion
Якушева Алла Юльевна,Dessert Dream
Якушева Алла Юльевна,Кафе Каприс
Якушева Алла Юльевна,Гурман Горизонт
Якушева Алла Юльевна,Бар Барон
Якушева Алла Юльевна,Cafe Comfort
Якушева Алла Юльевна,Choco Charm
Якушева Алла Юльевна,Pepperoni Passion
Якушева Алла Юльевна,Взлет Вкусов
Якушева Алла Юльевна,Cup o' Joe
Якушева Алла Юльевна,Латте Люкс
Якушева Алла Юльевна,Pizza Picasso
Якушева Алла Юльевна,Звезда Неаполя
Якушева Алла Юльевна,Gin & Juice
Якушева Алла Юльевна,Ванильная Визия
Якушева Алла Юльевна,Пицца Приключение
Якушева Алла Юльевна,Салют Сицилии
Якушева Алла Юльевна,Tequila Town
Якушева Алла Юльевна,Бар Блюз
Якушева Алла Юльевна,Место Маргариты
Якушева Алла Юльевна,Grounds for Celebration
Якушева Алла Юльевна,Boozy Boulevard
Якушева Алла Юльевна,Базилик и Орегано
Якушева Алла Юльевна,Капучино Клуб
Якушева Алла Юльевна,Мир Макарон
Якушева Алла Юльевна,Brick Oven Bliss
Якушева Алла Юльевна,Бодрый Бариста
Якушева Алла Юльевна,Bean Bliss
Якушева Алла Юльевна,Baking Beauty
Якушева Алла Юльевна,Pasta Palace
Якушева Алла Юльевна,Оазис Эспрессо
Якушева Алла Юльевна,Таверна Тостов
Якушева Алла Юльевна,Coffee Carnival
Кононов Артем Вилорович,Rum Runner
Кононов Артем Вилорович,Slice of Rome
Кононов Артем Вилорович,Caffeine Castle
Кононов Артем Вилорович,Mixology Mastery
Кононов Артем Вилорович,Sicilian Secret
Кононов Артем Вилорович,Brewed Awakening
Кононов Артем Вилорович,Gourmet Garlic
Кононов Артем Вилорович,Bistro Bliss
Кононов Артем Вилорович,Кофейный Космос
Кононов Артем Вилорович,Grill & Grains
Кононов Артем Вилорович,Mocha Magic
Кононов Артем Вилорович,Булочная Бонжур
Кононов Артем Вилорович,Пивной Парад
Кононов Артем Вилорович,Espresso Emporium
Кононов Артем Вилорович,Hops Heaven
Кононов Артем Вилорович,Бокалы Богатства
Кононов Артем Вилорович,Шоты Шерифа
Кононов Артем Вилорович,Вино и Вода
Кононов Артем Вилорович,Cupcake Castle
Кононов Артем Вилорович,Liquor Library
Кононов Артем Вилорович,Королевство Кальцоне
Кононов Артем Вилорович,Сладкий Сюрприз
Кононов Артем Вилорович,Кофе Коннект
Кононов Артем Вилорович,Тосканский Трактир
Кононов Артем Вилорович,Коктейль Королей
Кононов Артем Вилорович,Бариста Битва
Кононов Артем Вилорович,Веселье в Виски
Кононов Артем Вилорович,Терраса Тортов
Кононов Артем Вилорович,Napoli Nights
Кононов Артем Вилорович,Рай Ристретто
Кононов Артем Вилорович,Mozzarella Majesty
Кононов Артем Вилорович,Кафе Карамель
Кононов Артем Вилорович,Cuisine Corner
Кононов Артем Вилорович,Provolone Palace
Кононов Артем Вилорович,Таверна Талантов
Кононов Артем Вилорович,Магия Макиато
Кононов Артем Вилорович,Soup & Salad
Кононов Артем Вилорович,Craft & Draft
Кононов Артем Вилорович,Морозко Мороженое
Кононов Артем Вилорович,Барман Бей
Кононов Артем Вилорович,Spirits & Spices
Кононов Артем Вилорович,Пиццерия Капри
Кононов Артем Вилорович,Вкус Венеции
Кононов Артем Вилорович,Dough & Cheese
Кононов Артем Вилорович,Roast & Toast
Кононов Артем Вилорович,Пицца Парадизо
Кононов Артем Вилорович,Deli Delight
Кононов Артем Вилорович,Malt Mansion
Кононов Артем Вилорович,Dessert Dream
Кононов Артем Вилорович,Кафе Каприс
Кононов Артем Вилорович,Гурман Горизонт
Кононов Артем Вилорович,Бар Барон
Кононов Артем Вилорович,Cafe Comfort
Кононов Артем Вилорович,Choco Charm
Кононов Артем Вилорович,Pepperoni Passion
Кононов Артем Вилорович,Взлет Вкусов
Кононов Артем Вилорович,Cup o' Joe
Кононов Артем Вилорович,Латте Люкс
Кононов Артем Вилорович,Pizza Picasso
Кононов Артем Вилорович,Звезда Неаполя
Кононов Артем Вилорович,Gin & Juice
Кононов Артем Вилорович,Ванильная Визия
Кононов Артем Вилорович,Пицца Приключение
Кононов Артем Вилорович,Салют Сицилии
Кононов Артем Вилорович,Tequila Town
Кононов Артем Вилорович,Бар Блюз
Кононов Артем Вилорович,Место Маргариты
Кононов Артем Вилорович,Grounds for Celebration
Кононов Артем Вилорович,Boozy Boulevard
Кононов Артем Вилорович,Базилик и Орегано
Кононов Артем Вилорович,Капучино Клуб
Кононов Артем Вилорович,Мир Макарон
Кононов Артем Вилорович,Brick Oven Bliss
Кононов Артем Вилорович,Бодрый Бариста
Кононов Артем Вилорович,Bean Bliss
Кононов Артем Вилорович,Baking Beauty
Кононов Артем Вилорович,Pasta Palace
Кононов Артем Вилорович,Оазис Эспрессо
Кононов Артем Вилорович,Таверна Тостов
Кононов Артем Вилорович,Coffee Carnival
